,word
0,ABOUT
1,ABOVE
2,ABUSE
3,ACTOR
4,ADAPT
5,ADMIT
6,ADOPT
7,ADULT
8,AFTER
9,AGAIN
10,AGENT
11,AGREE
12,AHEAD
13,ALARM
14,ALIVE
15,ALLOW
16,ALONE
17,ALONG
18,ALOUD
19,ALTER
20,AMAZE
21,AMONG
22,AMUSE
23,ANGER
24,ANGLE
25,ANGRY
26,ANKLE
27,ANNOY
28,ANTI-
29,APART
30,APPLE
31,APPLY
32,APRIL
33,ARGUE
34,ARISE
35,ARMED
36,ARROW
37,ASIDE
38,AVOID
39,AWAKE
40,AWARD
41,AWARE
42,AWFUL
43,BADLY
44,BASED
45,BASIC
46,BASIS
47,BEACH
48,BEARD
49,BEGIN
50,BELOW
51,BID_1
52,BIRTH
53,BLACK
54,BLADE
55,BLAME
56,BLANK
57,BLIND
58,BLOCK
59,BLOOD
60,BOARD
61,BORED
62,BOUND
63,BRAIN
64,BRAND
65,BRAVE
66,BREAD
67,BREAK
68,BREED
69,BRICK
70,BRIEF
71,BRING
72,BROAD
73,BROWN
74,BRUSH
75,BUILD
76,BUNCH
77,BURNT
78,BURST
79,BUYER
80,CABLE
81,CAN_1
82,CAN_2
83,CANDY
84,CARRY
85,CATCH
86,CAUSE
87,CEASE
88,CHAIN
89,CHAIR
90,CHART
91,CHASE
92,CHEAP
93,CHEAT
94,CHECK
95,CHEEK
96,CHEST
97,CHIEF
98,CHILD
99,CIVIL
100,CLAIM
101,CLASS
102,CLEAN
103,CLEAR
104,CLERK
105,CLICK
106,CLIMB
107,CLOCK
108,CLOTH
109,CLOUD
110,COACH
111,COAST
112,COUGH
113,COULD
114,COUNT
115,COURT
116,COVER
117,CRACK
118,CRAFT
119,CRASH
120,CRAZY
121,CREAM
122,CRIME
123,CRISP
124,CROSS
125,CROWD
126,CROWN
127,CRUEL
128,CRUSH
129,CURLY
130,CURVE
131,CYCLE
132,DAILY
133,DANCE
134,DEATH
135,DECAY
136,DELAY
137,DEPTH
138,DIARY
139,DIRTY
140,DOUBT
141,DO_UP
142,DOZEN
143,DRAFT
144,DRAMA
145,DREAM
146,DRESS
147,DRINK
148,DRIVE
149,DRUNK
150,DYING
151,EARLY
152,EARTH
153,EIGHT
154,ELBOW
155,ELECT
156,EMAIL
157,EMPTY
158,ENEMY
159,ENJOY
160,ENTER
161,ENTRY
162,EQUAL
163,ERROR
164,ESSAY
165,EVENT
166,EVERY
167,EXACT
168,EXIST
169,EXTRA
170,FAINT
171,FAITH
172,FALSE
173,FANCY
174,FAULT
175,FENCE
176,FETCH
177,FEVER
178,FIELD
179,FIFTH
180,FIFTY
181,FIGHT
182,FINAL
183,FIRST
184,FIXED
185,FLAME
186,FLASH
187,FLESH
188,FLOAT
189,FLOOD
190,FLOOR
191,FLOUR
192,FOCUS
193,FORCE
194,FORTY
195,FOUND
196,FRAME
197,FRESH
198,FRONT
199,FRUIT
200,FULLY
201,FUNNY
202,GIANT
203,GLASS
204,GLOVE
205,GO_BY
206,GOODS
207,GO_ON
208,GO_TO
209,GO_UP
210,GRADE
211,GRAIN
212,GRAND
213,GRANT
214,GRASS
215,GREAT
216,GREEN
217,GROUP
218,GUARD
219,GUESS
220,GUEST
221,GUIDE
222,HABIT
223,HAPPY
224,HEART
225,HEAVY
226,HELLO
227,HENCE
228,HOBBY
229,HORSE
230,HOTEL
231,HOUSE
232,HUMAN
233,HURRY
234,IDEAL
235,IMAGE
236,IMPLY
237,INDEX
238,INNER
239,ISSUE
240,JEANS
241,JELLY
242,JOINT
243,JUDGE
244,JUICE
245,KNIFE
246,KNOCK
247,LABEL
248,LARGE
249,LATER
250,LAUGH
251,LAYER
252,LEARN
253,LEAST
254,LEAVE
255,LEGAL
256,LEMON
257,LEVEL
258,LIE_1
259,LIE_2
260,LIGHT
261,LIMIT
262,LITRE
263,LOCAL
264,LOGIC
265,LOOSE
266,LORRY
267,LOVER
268,LOYAL
269,LUCKY
270,LUNCH
271,MAGIC
272,MAJOR
273,MARCH
274,MARCH
275,MARRY
276,MATCH
277,MAYBE
278,MAYOR
279,MEANS
280,MEDIA
281,METAL
282,METRE
283,MIGHT
284,MINOR
285,MIXED
286,MODEL
287,MONEY
288,MONTH
289,MORAL
290,MOTOR
291,MOUNT
292,MOUSE
293,MOUTH
294,MOVIE
295,MUSIC
296,NAKED
297,NERVE
298,NEVER
299,NEWLY
300,NIECE
301,NIGHT
302,NINTH
303,NOISE
304,NOISY
305,NORTH
306,NOVEL
307,NURSE
308,OCCUR
309,OCEAN
310,ODDLY
311,OFFER
312,OFTEN
313,ONION
314,ORDER
315,ORGAN
316,OTHER
317,OUTER
318,OWNER
319,PAINT
320,PAN_1
321,PANEL
322,PANTS
323,PAPER
324,PARTY
325,PAUSE
326,PEACE
327,PENNY
328,PHASE
329,PHONE
330,PHOTO
331,PIANO
332,PIECE
333,PILOT
334,PITCH
335,PLACE
336,PLAIN
337,PLANE
338,PLANT
339,PLATE
340,POINT
341,POUND
342,POWER
343,PRESS
344,PRICE
345,PRIDE
346,PRINT
347,PRIOR
348,PRIZE
349,PROOF
350,PROUD
351,PROVE
352,PUNCH
353,PUPIL
354,QUEEN
355,QUICK
356,QUIET
357,QUITE
358,QUOTE
359,RADIO
360,RAISE
361,RANGE
362,RAPID
363,REACH
364,REACT
365,READY
366,REFER
367,RELAX
368,REPLY
369,RIDER
370,RIGHT
371,RIVAL
372,RIVER
373,ROUGH
374,ROUND
375,ROUTE
376,ROW_1
377,ROYAL
378,RULER
379,RURAL
380,SADLY
381,SALAD
382,SALTY
383,SAUCE
384,SCALE
385,SCARE
386,SCENE
387,SCORE
388,SCREW
389,SELF-
390,SENSE
391,SERVE
392,SEVEN
393,SHADE
394,SHAKE
395,SHALL
396,SHAME
397,SHAPE
398,SHARE
399,SHARP
400,SHAVE
401,SHEEP
402,SHEET
403,SHELF
404,SHELL
405,SHIFT
406,SHINE
407,SHINY
408,SHIRT
409,SHOCK
410,SHOOT
411,SHORT
412,SHOUT
413,SIGHT
414,SILLY
415,SINCE
416,SIXTH
417,SIXTY
418,SKILL
419,SKIRT
420,SLEEP
421,SLICE
422,SLIDE
423,SLOPE
424,SMALL
425,SMART
426,SMASH
427,SMELL
428,SMILE
429,SMOKE
430,SNAKE
431,SOLID
432,SOLVE
433,SORRY
434,SOUND
435,SOUTH
436,SPACE
437,SPARE
438,SPEAK
439,SPEED
440,SPELL
441,SPEND
442,SPICE
443,SPICY
444,SPITE
445,SPLIT
446,SPOIL
447,SPOON
448,SPORT
449,SPRAY
450,STAFF
451,STAGE
452,STAIR
453,STAMP
454,STAND
455,STARE
456,START
457,STATE
458,STEAL
459,STEAM
460,STEEL
461,STEEP
462,STEER
463,STICK
464,STIFF
465,STILL
466,STING
467,STOCK
468,STONE
469,STORE
470,STORM
471,STORY
472,STOVE
473,STRIP
474,STUDY
475,STUFF
476,STYLE
477,SUGAR
478,SWEAR
479,SWEAT
480,SWEEP
481,SWEET
482,SWELL
483,SWING
484,TABLE
485,TASTE
486,TEACH
487,TENTH
488,THANK
489,THEIR
490,THEME
491,THERE
492,THICK
493,THIEF
494,THING
495,THINK
496,THIRD
497,THREE
498,THROW
499,THUMB
500,TIGHT
501,TIRED
502,TITLE
503,TODAY
504,TONNE
505,TOOTH
506,TOPIC
507,TOTAL
508,TOUCH
509,TOUGH
510,TOWEL
511,TOWER
512,TRACE
513,TRACK
514,TRADE
515,TRAIN
516,TREAT
517,TREND
518,TRIAL
519,TRICK
520,TRUCK
521,TRULY
522,TRUST
523,TRUTH
524,TWICE
525,TWIST
526,UNCLE
527,UNDER
528,UNION
529,UNITE
530,UNTIL
531,UPPER
532,UPSET
533,UPSET
534,URBAN
535,USUAL
536,VALID
537,VALUE
538,VIDEO
539,VIRUS
540,VISIT
541,VITAL
542,VOICE
543,WAIST
544,WASTE
545,WATCH
546,WATER
547,WEIGH
548,WHEEL
549,WHERE
550,WHICH
551,WHILE
552,WHITE
553,WHOLE
554,WHOSE
555,WIDTH
556,WOMAN
557,WORLD
558,WORRY
559,WORSE
560,WORST
561,WORTH
562,WOULD
563,WRIST
564,WRITE
565,WRONG
566,YOUNG
567,YOURS
568,YOUTH
